Timestamp,Unix Timestamp,CPU System
2025-07-30 16:11:52 1753891912 0.1362
2025-07-30 16:10:52 1753891852 0.1616
2025-07-30 16:09:51 1753891791 0.155
2025-07-30 16:08:51 1753891731 0.147
2025-07-30 16:07:51 1753891671 0.1556
2025-07-30 16:06:51 1753891611 0.1317
2025-07-30 16:05:51 1753891551 0.1431
2025-07-30 16:04:51 1753891491 0.1532
2025-07-30 16:03:51 1753891431 0.1387
2025-07-30 16:02:51 1753891371 0.1539
2025-07-30 16:01:51 1753891311 0.1404
2025-07-30 16:00:51 1753891251 0.1404
2025-07-30 15:59:51 1753891191 0.1608
2025-07-30 15:58:51 1753891131 0.1424
2025-07-30 15:57:51 1753891071 0.1598
2025-07-30 15:56:51 1753891011 0.1646
2025-07-30 15:55:51 1753890951 0.1466
2025-07-30 15:54:51 1753890891 0.1605
2025-07-30 15:53:51 1753890831 0.1522
2025-07-30 15:52:51 1753890771 0.1366
2025-07-30 15:51:51 1753890711 0.1601
2025-07-30 15:50:51 1753890651 0.1497
2025-07-30 15:49:51 1753890591 0.1428
2025-07-30 15:48:51 1753890531 0.1674
2025-07-30 15:47:51 1753890471 0.1376
2025-07-30 15:46:51 1753890411 0.1612
2025-07-30 15:45:51 1753890351 0.1619
2025-07-30 15:44:51 1753890291 0.1487
2025-07-30 15:43:51 1753890231 0.1511
2025-07-30 15:42:51 1753890171 0.1439
2025-07-30 15:41:51 1753890111 0.1456
2025-07-30 15:40:51 1753890051 0.1536
2025-07-30 15:39:51 1753889991 0.1556
2025-07-30 15:38:51 1753889931 0.1515
2025-07-30 15:37:51 1753889871 0.1459
2025-07-30 15:36:51 1753889811 0.1487
2025-07-30 15:35:51 1753889751 0.1661
2025-07-30 15:34:51 1753889691 0.1449
2025-07-30 15:33:51 1753889631 0.1431
2025-07-30 15:32:51 1753889571 0.1491
2025-07-30 15:31:51 1753889511 0.1414
2025-07-30 15:30:51 1753889451 0.1581
2025-07-30 15:29:51 1753889391 0.1508
2025-07-30 15:28:51 1753889331 0.1435
2025-07-30 15:27:51 1753889271 0.1681
2025-07-30 15:26:51 1753889211 0.1379
2025-07-30 15:25:51 1753889151 0.1511
2025-07-30 15:24:51 1753889091 0.1529
2025-07-30 15:23:51 1753889031 0.1626
2025-07-30 15:22:51 1753888971 0.1431
2025-07-30 15:21:51 1753888911 0.1543
2025-07-30 15:20:51 1753888851 0.157
2025-07-30 15:19:51 1753888791 0.1418
2025-07-30 15:18:51 1753888731 0.1588
2025-07-30 15:17:51 1753888671 0.1518
2025-07-30 15:16:51 1753888611 0.1348
2025-07-30 15:15:51 1753888551 0.1723
2025-07-30 15:14:51 1753888491 0.1404
2025-07-30 15:13:51 1753888431 0.1459
2025-07-30 15:12:51 1753888371 0.1688
2025-07-30 15:11:51 1753888311 0.1425
2025-07-30 15:10:51 1753888251 0.1619
2025-07-30 15:09:51 1753888191 0.1494
2025-07-30 15:08:51 1753888131 0.1435
2025-07-30 15:07:51 1753888071 0.1647
2025-07-30 15:06:51 1753888011 0.1338
2025-07-30 15:05:51 1753887951 0.1418
2025-07-30 15:04:51 1753887891 0.1411
2025-07-30 15:03:52 1753887832 0.1626
2025-07-30 15:02:51 1753887771 0.1411
2025-07-30 15:01:51 1753887711 0.1584
2025-07-30 15:00:51 1753887651 0.1657
2025-07-30 14:59:51 1753887591 0.1456
2025-07-30 14:58:51 1753887531 0.1605
2025-07-30 14:57:51 1753887471 0.1383
2025-07-30 14:56:51 1753887411 0.1487
2025-07-30 14:55:51 1753887351 0.1713
2025-07-30 14:54:51 1753887291 0.1265
2025-07-30 14:53:51 1753887231 0.1643
2025-07-30 14:52:51 1753887171 0.149
2025-07-30 14:51:51 1753887111 0.1362
2025-07-30 14:50:51 1753887051 0.1661
2025-07-30 14:49:51 1753886991 0.1348
2025-07-30 14:48:51 1753886931 0.1647
2025-07-30 14:47:51 1753886871 0.1425
2025-07-30 14:46:51 1753886811 0.148
2025-07-30 14:45:51 1753886751 0.1688
2025-07-30 14:44:51 1753886691 0.1435
2025-07-30 14:43:51 1753886631 0.1605
2025-07-30 14:42:51 1753886571 0.1442
2025-07-30 14:41:51 1753886511 0.148
2025-07-30 14:40:51 1753886451 0.1723
2025-07-30 14:39:51 1753886391 0.1484
2025-07-30 14:38:51 1753886331 0.1653
2025-07-30 14:37:51 1753886271 0.1414
2025-07-30 14:36:51 1753886211 0.1456
2025-07-30 14:35:51 1753886151 0.1595
2025-07-30 14:34:51 1753886091 0.14
2025-07-30 14:33:51 1753886031 0.1702
2025-07-30 14:32:51 1753885971 0.147
2025-07-30 14:31:51 1753885911 0.1442
2025-07-30 14:30:51 1753885851 0.1612
2025-07-30 14:29:51 1753885791 0.1348
2025-07-30 14:28:51 1753885731 0.1535
2025-07-30 14:27:51 1753885671 0.1671
2025-07-30 14:26:51 1753885611 0.1324
2025-07-30 14:25:51 1753885551 0.1674
2025-07-30 14:24:51 1753885491 0.1421
2025-07-30 14:23:51 1753885431 0.1595
2025-07-30 14:22:51 1753885371 0.1668
2025-07-30 14:21:51 1753885311 0.1445
2025-07-30 14:20:51 1753885251 0.1501
2025-07-30 14:19:51 1753885191 0.1435
2025-07-30 14:18:51 1753885131 0.1456
2025-07-30 14:17:51 1753885071 0.1577
2025-07-30 14:16:51 1753885011 0.1431
2025-07-30 14:15:50 1753884950 0.157
2025-07-30 14:14:50 1753884890 0.1581
2025-07-30 14:13:50 1753884830 0.1491
2025-07-30 14:12:50 1753884770 0.1713
2025-07-30 14:11:50 1753884710 0.1428
2025-07-30 14:10:50 1753884650 0.1588
2025-07-30 14:09:50 1753884590 0.1418
2025-07-30 14:08:50 1753884530 0.1251
2025-07-30 14:07:50 1753884470 0.1584
2025-07-30 14:06:50 1753884410 0.1459
2025-07-30 14:05:50 1753884350 0.156
2025-07-30 14:04:50 1753884290 0.1619
2025-07-30 14:03:50 1753884230 0.1438
2025-07-30 14:02:50 1753884170 0.1636
2025-07-30 14:01:50 1753884110 0.1407
2025-07-30 14:00:50 1753884050 0.1522
2025-07-30 13:59:50 1753883990 0.1567
2025-07-30 13:58:50 1753883930 0.1327
2025-07-30 13:57:50 1753883870 0.1685
2025-07-30 13:56:50 1753883810 0.147
2025-07-30 13:55:50 1753883750 0.147
2025-07-30 13:54:50 1753883690 0.1727
2025-07-30 13:53:50 1753883630 0.132
2025-07-30 13:52:50 1753883570 0.1626
2025-07-30 13:51:50 1753883510 0.1574
2025-07-30 13:50:50 1753883450 0.1296
2025-07-30 13:49:50 1753883390 0.1549
2025-07-30 13:48:50 1753883330 0.1536
2025-07-30 13:47:50 1753883270 0.1456
2025-07-30 13:46:50 1753883210 0.1685
2025-07-30 13:45:50 1753883150 0.1393
2025-07-30 13:44:50 1753883090 0.1532
2025-07-30 13:43:50 1753883030 0.1473
2025-07-30 13:42:50 1753882970 0.138
2025-07-30 13:41:50 1753882910 0.1734
2025-07-30 13:40:50 1753882850 0.1522
2025-07-30 13:39:50 1753882790 0.1432
2025-07-30 13:38:50 1753882730 0.1577
2025-07-30 13:37:50 1753882670 0.1386
2025-07-30 13:36:50 1753882610 0.1754
2025-07-30 13:35:50 1753882550 0.1584
2025-07-30 13:34:50 1753882490 0.1393
2025-07-30 13:33:50 1753882430 0.1587
2025-07-30 13:32:50 1753882370 0.1366
2025-07-30 13:31:51 1753882311 0.1585
2025-07-30 13:30:50 1753882250 0.1657
2025-07-30 13:29:50 1753882190 0.1379
2025-07-30 13:28:50 1753882130 0.1567
2025-07-30 13:27:50 1753882070 0.1445
2025-07-30 13:26:50 1753882010 0.1577
2025-07-30 13:25:50 1753881950 0.1688
2025-07-30 13:24:50 1753881890 0.1404
2025-07-30 13:23:50 1753881830 0.1581
2025-07-30 13:22:50 1753881770 0.1473
2025-07-30 13:21:50 1753881710 0.1532
2025-07-30 13:20:50 1753881650 0.1713
2025-07-30 13:19:50 1753881590 0.1421
2025-07-30 13:18:50 1753881530 0.1494
2025-07-30 13:17:50 1753881470 0.1518
2025-07-30 13:16:50 1753881410 0.14
2025-07-30 13:15:50 1753881350 0.1588
2025-07-30 13:14:50 1753881290 0.1424
2025-07-30 13:13:50 1753881230 0.1435
2025-07-30 13:12:50 1753881170 0.1574
2025-07-30 13:11:50 1753881110 0.1498
2025-07-30 13:10:50 1753881050 0.1546
2025-07-30 13:09:51 1753880991 0.1591
2025-07-30 13:08:50 1753880930 0.1459
2025-07-30 13:07:50 1753880870 0.1372
2025-07-30 13:06:50 1753880810 0.1536
2025-07-30 13:05:50 1753880750 0.1456
2025-07-30 13:04:50 1753880690 0.1699
2025-07-30 13:03:50 1753880630 0.1442
2025-07-30 13:02:50 1753880570 0.1307
2025-07-30 13:01:50 1753880510 0.1556
2025-07-30 13:00:50 1753880450 0.147
2025-07-30 12:59:50 1753880390 0.1484
2025-07-30 12:58:50 1753880330 0.1535
2025-07-30 12:57:50 1753880270 0.1435
2025-07-30 12:56:50 1753880210 0.1504
2025-07-30 12:55:50 1753880150 0.1556
2025-07-30 12:54:50 1753880090 0.1383
2025-07-30 12:53:50 1753880030 0.1512
2025-07-30 12:52:50 1753879970 0.1636
2025-07-30 12:51:50 1753879910 0.1369
2025-07-30 12:50:50 1753879850 0.1567
2025-07-30 12:49:50 1753879790 0.1515
2025-07-30 12:48:50 1753879730 0.1393
2025-07-30 12:47:50 1753879670 0.1511
2025-07-30 12:46:50 1753879610 0.1404
2025-07-30 12:45:50 1753879550 0.1546
2025-07-30 12:44:50 1753879490 0.1518
2025-07-30 12:43:50 1753879430 0.1452
2025-07-30 12:42:50 1753879370 0.1588
2025-07-30 12:41:50 1753879310 0.1539
2025-07-30 12:40:50 1753879250 0.1456
2025-07-30 12:39:50 1753879190 0.1525
2025-07-30 12:38:50 1753879130 0.1473
2025-07-30 12:37:50 1753879070 0.1466
2025-07-30 12:36:50 1753879010 0.148
2025-07-30 12:35:50 1753878950 0.1598
2025-07-30 12:34:50 1753878890 0.1543
2025-07-30 12:33:50 1753878830 0.1529
2025-07-30 12:32:50 1753878770 0.1619
2025-07-30 12:31:50 1753878710 0.1459
2025-07-30 12:30:50 1753878650 0.1473
2025-07-30 12:29:50 1753878590 0.1466
2025-07-30 12:28:50 1753878530 0.1515
2025-07-30 12:27:50 1753878470 0.1439
2025-07-30 12:26:50 1753878410 0.1612
2025-07-30 12:25:50 1753878350 0.1539
2025-07-30 12:24:50 1753878290 0.1435
2025-07-30 12:23:50 1753878230 0.1615
2025-07-30 12:22:50 1753878170 0.1376
2025-07-30 12:21:50 1753878110 0.1542
2025-07-30 12:20:50 1753878050 0.1602
2025-07-30 12:19:50 1753877990 0.1352
2025-07-30 12:18:50 1753877930 0.1445
2025-07-30 12:17:50 1753877870 0.1372
2025-07-30 12:16:50 1753877810 0.155
2025-07-30 12:15:50 1753877750 0.1577
2025-07-30 12:14:50 1753877690 0.1446
2025-07-30 12:13:50 1753877630 0.1723
2025-07-30 12:12:50 1753877570 0.1386
2025-07-30 12:11:50 1753877510 0.1633
2025-07-30 12:10:50 1753877450 0.1473
2025-07-30 12:09:50 1753877390 0.1418
2025-07-30 12:08:50 1753877330 0.1671
2025-07-30 12:07:50 1753877270 0.1445
2025-07-30 12:06:50 1753877210 0.1567
2025-07-30 12:05:50 1753877150 0.1546
2025-07-30 12:04:50 1753877090 0.1383
2025-07-30 12:03:50 1753877030 0.1574
2025-07-30 12:02:50 1753876970 0.1449
2025-07-30 12:01:50 1753876910 0.1602
2025-07-30 12:00:50 1753876850 0.149
2025-07-30 11:59:50 1753876790 0.1536
2025-07-30 11:58:50 1753876730 0.1404
2025-07-30 11:57:50 1753876670 0.1535
2025-07-30 11:56:50 1753876610 0.1609
2025-07-30 11:55:50 1753876550 0.1588
2025-07-30 11:54:50 1753876490 0.1563
2025-07-30 11:53:50 1753876430 0.1505
2025-07-30 11:52:50 1753876370 0.1452
2025-07-30 11:51:50 1753876310 0.1435
2025-07-30 11:50:50 1753876250 0.1522
2025-07-30 11:49:50 1753876190 0.1581
2025-07-30 11:48:50 1753876130 0.1397
2025-07-30 11:47:50 1753876070 0.1452
2025-07-30 11:46:50 1753876010 0.1522
2025-07-30 11:45:50 1753875950 0.1449
2025-07-30 11:44:50 1753875890 0.1741
2025-07-30 11:43:50 1753875830 0.1508
2025-07-30 11:42:50 1753875770 0.1365
2025-07-30 11:41:50 1753875710 0.1581
2025-07-30 11:40:50 1753875650 0.123
2025-07-30 11:39:50 1753875590 0.1664
2025-07-30 11:38:50 1753875530 0.1466
2025-07-30 11:37:49 1753875469 0.1487
2025-07-30 11:36:49 1753875409 0.148
2025-07-30 11:35:49 1753875349 0.1421
2025-07-30 11:34:49 1753875289 0.156
2025-07-30 11:33:49 1753875229 0.1598
2025-07-30 11:32:49 1753875169 0.1466
2025-07-30 11:31:49 1753875109 0.1438
2025-07-30 11:30:49 1753875049 0.1529
2025-07-30 11:29:49 1753874989 0.157
2025-07-30 11:28:49 1753874929 0.1515
2025-07-30 11:27:49 1753874869 0.1438
2025-07-30 11:26:49 1753874809 0.1497
2025-07-30 11:25:49 1753874749 0.1497
2025-07-30 11:24:49 1753874689 0.1383
2025-07-30 11:23:49 1753874629 0.1605
2025-07-30 11:22:49 1753874569 0.1612
2025-07-30 11:21:49 1753874509 0.147
2025-07-30 11:20:49 1753874449 0.1522
2025-07-30 11:19:49 1753874389 0.1445
2025-07-30 11:18:49 1753874329 0.1563
2025-07-30 11:17:49 1753874269 0.1542
2025-07-30 11:16:49 1753874209 0.138
2025-07-30 11:15:49 1753874149 0.1577
2025-07-30 11:14:49 1753874089 0.14
2025-07-30 11:13:49 1753874029 0.146
2025-07-30 11:12:49 1753873969 0.1754
2025-07-30 11:11:49 1753873909 0.1442
2025-07-30 11:10:49 1753873849 0.1445
2025-07-30 11:09:49 1753873789 0.1556
2025-07-30 11:08:49 1753873729 0.1181
2025-07-30 11:07:49 1753873669 0.1542
2025-07-30 11:06:49 1753873609 0.1449
2025-07-30 11:05:49 1753873549 0.148
2025-07-30 11:04:49 1753873489 0.1546
2025-07-30 11:03:49 1753873429 0.1386
2025-07-30 11:02:49 1753873369 0.1664
2025-07-30 11:01:49 1753873309 0.1463
2025-07-30 11:00:49 1753873249 0.1654
2025-07-30 10:59:49 1753873189 0.139
2025-07-30 10:58:49 1753873129 0.1609
2025-07-30 10:57:49 1753873069 0.156
2025-07-30 10:56:49 1753873009 0.1286
2025-07-30 10:55:49 1753872949 0.1629
2025-07-30 10:54:49 1753872889 0.1393
2025-07-30 10:53:49 1753872829 0.1556
2025-07-30 10:52:49 1753872769 0.164
2025-07-30 10:51:49 1753872709 0.1348
2025-07-30 10:50:49 1753872649 0.1577
2025-07-30 10:49:49 1753872589 0.1414
2025-07-30 10:48:49 1753872529 0.139
2025-07-30 10:47:49 1753872469 0.1709
2025-07-30 10:46:49 1753872409 0.14
2025-07-30 10:45:49 1753872349 0.1428
2025-07-30 10:44:49 1753872289 0.157
2025-07-30 10:43:49 1753872229 0.1501
2025-07-30 10:42:49 1753872169 0.1532
2025-07-30 10:41:49 1753872109 0.1602
2025-07-30 10:40:49 1753872049 0.1449
2025-07-30 10:39:49 1753871989 0.1511
2025-07-30 10:38:49 1753871929 0.1487
2025-07-30 10:37:49 1753871869 0.1623
2025-07-30 10:36:49 1753871809 0.1619
2025-07-30 10:35:49 1753871749 0.1431
2025-07-30 10:34:49 1753871689 0.1456
2025-07-30 10:33:49 1753871629 0.1529
2025-07-30 10:32:49 1753871569 0.1612
2025-07-30 10:31:49 1753871509 0.1522
2025-07-30 10:30:49 1753871449 0.1602
2025-07-30 10:29:49 1753871389 0.1372
2025-07-30 10:28:49 1753871329 0.1484
2025-07-30 10:27:49 1753871269 0.1643
2025-07-30 10:26:49 1753871209 0.1456
2025-07-30 10:25:49 1753871149 0.1522
2025-07-30 10:24:49 1753871089 0.1542
2025-07-30 10:23:49 1753871029 0.1421
2025-07-30 10:22:49 1753870969 0.1616
2025-07-30 10:21:49 1753870909 0.147
2025-07-30 10:20:49 1753870849 0.1595
2025-07-30 10:19:49 1753870789 0.1563
2025-07-30 10:18:49 1753870729 0.1324
2025-07-30 10:17:49 1753870669 0.1657
2025-07-30 10:16:49 1753870609 0.1459
2025-07-30 10:15:49 1753870549 0.1595
2025-07-30 10:14:49 1753870489 0.1532
2025-07-30 10:13:49 1753870429 0.1369
2025-07-30 10:12:49 1753870369 0.1668
2025-07-30 10:11:49 1753870309 0.1275
2025-07-30 10:10:49 1753870249 0.1511
2025-07-30 10:09:49 1753870189 0.1626
2025-07-30 10:08:49 1753870129 0.1212
2025-07-30 10:07:49 1753870069 0.1581
2025-07-30 10:06:49 1753870009 0.1522
2025-07-30 10:05:49 1753869949 0.147
2025-07-30 10:04:49 1753869889 0.1525
2025-07-30 10:03:49 1753869829 0.1563
2025-07-30 10:02:49 1753869769 0.1501
2025-07-30 10:01:49 1753869709 0.1591
2025-07-30 10:00:49 1753869649 0.147
2025-07-30 09:59:49 1753869589 0.1629
2025-07-30 09:58:49 1753869529 0.1477
2025-07-30 09:57:49 1753869469 0.1414
2025-07-30 09:56:49 1753869409 0.1511
2025-07-30 09:55:49 1753869349 0.1456
2025-07-30 09:54:49 1753869289 0.1633
2025-07-30 09:53:49 1753869229 0.1424
2025-07-30 09:52:49 1753869169 0.1602
2025-07-30 09:51:49 1753869109 0.1727
2025-07-30 09:50:49 1753869049 0.139
2025-07-30 09:49:49 1753868989 0.1654
2025-07-30 09:48:49 1753868929 0.1463
2025-07-30 09:47:49 1753868869 0.1452
2025-07-30 09:46:49 1753868809 0.1685
2025-07-30 09:45:49 1753868749 0.1431
2025-07-30 09:44:49 1753868689 0.1369
2025-07-30 09:43:49 1753868629 0.1487
2025-07-30 09:42:49 1753868569 0.148
2025-07-30 09:41:49 1753868509 0.1623
2025-07-30 09:40:49 1753868449 0.1484
2025-07-30 09:39:49 1753868389 0.1591
2025-07-30 09:38:49 1753868329 0.1435
2025-07-30 09:37:49 1753868269 0.1483
2025-07-30 09:36:49 1753868209 0.1688
2025-07-30 09:35:49 1753868149 0.1404
2025-07-30 09:34:49 1753868089 0.1525
2025-07-30 09:33:49 1753868029 0.1601
2025-07-30 09:32:49 1753867969 0.1383
2025-07-30 09:31:49 1753867909 0.1581
2025-07-30 09:30:49 1753867849 0.1647
2025-07-30 09:29:49 1753867789 0.1518
2025-07-30 09:28:49 1753867729 0.14
2025-07-30 09:27:49 1753867669 0.1664
2025-07-30 09:26:49 1753867609 0.1449
2025-07-30 09:25:49 1753867549 0.1379
2025-07-30 09:24:49 1753867489 0.1619
2025-07-30 09:23:49 1753867429 0.1438
2025-07-30 09:22:49 1753867369 0.1525
2025-07-30 09:21:49 1753867309 0.1671
2025-07-30 09:20:50 1753867250 0.1487
2025-07-30 09:19:49 1753867189 0.1425
2025-07-30 09:18:49 1753867129 0.1577
2025-07-30 09:17:49 1753867069 0.1539
2025-07-30 09:16:49 1753867009 0.1442
2025-07-30 09:15:49 1753866949 0.1671
2025-07-30 09:14:49 1753866889 0.14
2025-07-30 09:13:49 1753866829 0.149
2025-07-30 09:12:49 1753866769 0.1685
2025-07-30 09:11:49 1753866709 0.14
2025-07-30 09:10:49 1753866649 0.1494
2025-07-30 09:09:49 1753866589 0.166
2025-07-30 09:08:49 1753866529 0.1258
2025-07-30 09:07:49 1753866469 0.1733
2025-07-30 09:06:49 1753866409 0.1411
2025-07-30 09:05:49 1753866349 0.1515
2025-07-30 09:04:49 1753866289 0.1414
2025-07-30 09:03:49 1753866229 0.1303
2025-07-30 09:02:49 1753866169 0.1692
2025-07-30 09:01:49 1753866109 0.1428
2025-07-30 09:00:49 1753866049 0.1557
2025-07-30 08:59:49 1753865989 0.1522
2025-07-30 08:58:49 1753865929 0.1282
2025-07-30 08:57:49 1753865869 0.1657
2025-07-30 08:56:49 1753865809 0.1543
2025-07-30 08:55:49 1753865749 0.139
2025-07-30 08:54:49 1753865689 0.1646
2025-07-30 08:53:49 1753865629 0.1338
2025-07-30 08:52:49 1753865569 0.1518
2025-07-30 08:51:49 1753865509 0.1535
2025-07-30 08:50:49 1753865449 0.1501
2025-07-30 08:49:49 1753865389 0.1612
2025-07-30 08:48:49 1753865329 0.1435
2025-07-30 08:47:49 1753865269 0.1397
2025-07-30 08:46:49 1753865209 0.1591
2025-07-30 08:45:49 1753865149 0.1567
2025-07-30 08:44:49 1753865089 0.1421
2025-07-30 08:43:49 1753865029 0.1563
2025-07-30 08:42:49 1753864969 0.1393
2025-07-30 08:41:49 1753864909 0.1511
2025-07-30 08:40:49 1753864849 0.1786
2025-07-30 08:39:49 1753864789 0.14
2025-07-30 08:38:49 1753864729 0.1556
2025-07-30 08:37:49 1753864669 0.1473
2025-07-30 08:36:49 1753864609 0.1501
2025-07-30 08:35:49 1753864549 0.1654
2025-07-30 08:34:49 1753864489 0.1536
2025-07-30 08:33:49 1753864429 0.1633
2025-07-30 08:32:49 1753864369 0.1445
2025-07-30 08:31:49 1753864309 0.1515
2025-07-30 08:30:49 1753864249 0.1647
2025-07-30 08:29:49 1753864189 0.1442
2025-07-30 08:28:49 1753864129 0.1574
2025-07-30 08:27:49 1753864069 0.1418
2025-07-30 08:26:49 1753864009 0.1501
2025-07-30 08:25:49 1753863949 0.1546
2025-07-30 08:24:49 1753863889 0.1487
2025-07-30 08:23:49 1753863829 0.1515
2025-07-30 08:22:49 1753863769 0.1529
2025-07-30 08:21:49 1753863709 0.1459
2025-07-30 08:20:49 1753863649 0.1615
2025-07-30 08:19:49 1753863589 0.155
2025-07-30 08:18:49 1753863529 0.14
2025-07-30 08:17:49 1753863469 0.1577
2025-07-30 08:16:49 1753863409 0.1473
2025-07-30 08:15:49 1753863349 0.1386
2025-07-30 08:14:49 1753863289 0.174
2025-07-30 08:13:49 1753863229 0.1393
2025-07-30 08:12:49 1753863169 0.1425
2025-07-30 08:11:49 1753863109 0.1622
2025-07-30 08:10:49 1753863049 0.1404
2025-07-30 08:09:49 1753862989 0.1654
2025-07-30 08:08:49 1753862929 0.1438
2025-07-30 08:07:49 1753862869 0.1542
2025-07-30 08:06:49 1753862809 0.1497
2025-07-30 08:05:49 1753862749 0.148
2025-07-30 08:04:49 1753862689 0.165
2025-07-30 08:03:49 1753862629 0.1369
2025-07-30 08:02:49 1753862569 0.147
2025-07-30 08:01:49 1753862509 0.1539
2025-07-30 08:00:49 1753862449 0.1265
2025-07-30 07:59:49 1753862389 0.1671
2025-07-30 07:58:49 1753862329 0.1463
2025-07-30 07:57:49 1753862269 0.1525
2025-07-30 07:56:49 1753862209 0.1532
2025-07-30 07:55:49 1753862149 0.1484
2025-07-30 07:54:49 1753862089 0.1595
2025-07-30 07:53:49 1753862029 0.1487
2025-07-30 07:52:49 1753861969 0.1484
2025-07-30 07:51:49 1753861909 0.1431
2025-07-30 07:50:49 1753861849 0.1577
2025-07-30 07:49:49 1753861789 0.1532
2025-07-30 07:48:49 1753861729 0.1584
2025-07-30 07:47:49 1753861669 0.1515
2025-07-30 07:46:49 1753861609 0.1428
2025-07-30 07:45:49 1753861549 0.1508
2025-07-30 07:44:49 1753861489 0.1529
2025-07-30 07:43:49 1753861429 0.1567
2025-07-30 07:42:49 1753861369 0.1574
2025-07-30 07:41:49 1753861309 0.1515
2025-07-30 07:40:49 1753861249 0.1567
2025-07-30 07:39:49 1753861189 0.1404
2025-07-30 07:38:49 1753861129 0.1584
2025-07-30 07:37:49 1753861069 0.1525
2025-07-30 07:36:49 1753861009 0.1508
2025-07-30 07:35:49 1753860949 0.1431
2025-07-30 07:34:49 1753860889 0.1702
2025-07-30 07:33:49 1753860829 0.1432
2025-07-30 07:32:49 1753860769 0.1654
2025-07-30 07:31:49 1753860709 0.1605
2025-07-30 07:30:49 1753860649 0.1491
2025-07-30 07:29:49 1753860589 0.1653
2025-07-30 07:28:49 1753860529 0.1317
2025-07-30 07:27:48 1753860468 0.1577
2025-07-30 07:26:48 1753860408 0.1682
2025-07-30 07:25:48 1753860348 0.1421
2025-07-30 07:24:48 1753860288 0.1598
2025-07-30 07:23:48 1753860228 0.1463
2025-07-30 07:22:48 1753860168 0.1435
2025-07-30 07:21:48 1753860108 0.1685
2025-07-30 07:20:48 1753860048 0.1484
2025-07-30 07:19:48 1753859988 0.1529
2025-07-30 07:18:48 1753859928 0.1608
2025-07-30 07:17:48 1753859868 0.1404
2025-07-30 07:16:48 1753859808 0.1567
2025-07-30 07:15:48 1753859748 0.1574
2025-07-30 07:14:48 1753859688 0.1497
2025-07-30 07:13:48 1753859628 0.1633
2025-07-30 07:12:48 1753859568 0.1376
2025-07-30 07:11:48 1753859508 0.1553
2025-07-30 07:10:48 1753859448 0.1605
2025-07-30 07:09:48 1753859388 0.1473
2025-07-30 07:08:48 1753859328 0.1622
2025-07-30 07:07:48 1753859268 0.1671
2025-07-30 07:06:48 1753859208 0.132
2025-07-30 07:05:48 1753859148 0.1616
2025-07-30 07:04:48 1753859088 0.1553
2025-07-30 07:03:48 1753859028 0.14
2025-07-30 07:02:48 1753858968 0.1577
2025-07-30 07:01:48 1753858908 0.1452
2025-07-30 07:00:48 1753858848 0.1445
2025-07-30 06:59:48 1753858788 0.1546
2025-07-30 06:58:48 1753858728 0.1622
2025-07-30 06:57:48 1753858668 0.1498
2025-07-30 06:56:48 1753858608 0.1317
2025-07-30 06:55:48 1753858548 0.1563
2025-07-30 06:54:48 1753858488 0.1404
2025-07-30 06:53:48 1753858428 0.1476
2025-07-30 06:52:48 1753858368 0.1654
2025-07-30 06:51:48 1753858308 0.1414
2025-07-30 06:50:48 1753858248 0.1449
2025-07-30 06:49:48 1753858188 0.1501
2025-07-30 06:48:48 1753858128 0.1463
2025-07-30 06:47:48 1753858068 0.1529
2025-07-30 06:46:48 1753858008 0.1428
2025-07-30 06:45:48 1753857948 0.1504
2025-07-30 06:44:48 1753857888 0.1466
2025-07-30 06:43:48 1753857828 0.1536
2025-07-30 06:42:48 1753857768 0.1449
2025-07-30 06:41:48 1753857708 0.1504
2025-07-30 06:40:49 1753857649 0.1619
2025-07-30 06:39:48 1753857588 0.1376
2025-07-30 06:38:48 1753857528 0.1563
2025-07-30 06:37:48 1753857468 0.1605
2025-07-30 06:36:48 1753857408 0.1421
2025-07-30 06:35:48 1753857348 0.1522
2025-07-30 06:34:48 1753857288 0.1473
2025-07-30 06:33:48 1753857228 0.1546
2025-07-30 06:32:48 1753857168 0.1484
2025-07-30 06:31:48 1753857108 0.1459
2025-07-30 06:30:48 1753857048 0.1668
2025-07-30 06:29:48 1753856988 0.1491
2025-07-30 06:28:48 1753856928 0.1661
2025-07-30 06:27:48 1753856868 0.1432
2025-07-30 06:26:48 1753856808 0.1355
2025-07-30 06:25:48 1753856748 0.1827
2025-07-30 06:24:48 1753856688 0.1376
2025-07-30 06:23:48 1753856628 0.1595
2025-07-30 06:22:48 1753856568 0.1615
2025-07-30 06:21:48 1753856508 0.1407
2025-07-30 06:20:48 1753856448 0.1608
2025-07-30 06:19:48 1753856388 0.1584
2025-07-30 06:18:48 1753856328 0.1414
2025-07-30 06:17:48 1753856268 0.1598
2025-07-30 06:16:48 1753856208 0.1532
2025-07-30 06:15:48 1753856148 0.156
2025-07-30 06:14:48 1753856088 0.1421
2025-07-30 06:13:48 1753856028 0.1598
2025-07-30 06:12:48 1753855968 0.1591
2025-07-30 06:11:48 1753855908 0.1463
2025-07-30 06:10:48 1753855848 0.1577
2025-07-30 06:09:48 1753855788 0.1504
2025-07-30 06:08:48 1753855728 0.1435
2025-07-30 06:07:48 1753855668 0.1543
2025-07-30 06:06:48 1753855608 0.149
2025-07-30 06:05:48 1753855548 0.1466
2025-07-30 06:04:48 1753855488 0.1518
2025-07-30 06:03:48 1753855428 0.1664
2025-07-30 06:02:48 1753855368 0.1501
2025-07-30 06:01:48 1753855308 0.1605
2025-07-30 06:00:48 1753855248 0.1372
2025-07-30 05:59:48 1753855188 0.1435
2025-07-30 05:58:48 1753855128 0.1521
2025-07-30 05:57:48 1753855068 0.1345
2025-07-30 05:56:48 1753855008 0.1789
2025-07-30 05:55:48 1753854948 0.1501
2025-07-30 05:54:48 1753854888 0.1404
2025-07-30 05:53:48 1753854828 0.1511
2025-07-30 05:52:48 1753854768 0.1338
2025-07-30 05:51:48 1753854708 0.1713
2025-07-30 05:50:48 1753854648 0.1563
2025-07-30 05:49:48 1753854588 0.132
2025-07-30 05:48:48 1753854528 0.1622
2025-07-30 05:47:48 1753854468 0.1473
2025-07-30 05:46:48 1753854408 0.1574
2025-07-30 05:45:48 1753854348 0.1657
2025-07-30 05:44:48 1753854288 0.1369
2025-07-30 05:43:48 1753854228 0.1605
2025-07-30 05:42:48 1753854168 0.1411
2025-07-30 05:41:48 1753854108 0.148
2025-07-30 05:40:48 1753854048 0.1751
2025-07-30 05:39:48 1753853988 0.147
2025-07-30 05:38:48 1753853928 0.155
2025-07-30 05:37:48 1753853868 0.1574
2025-07-30 05:36:48 1753853808 0.1317
2025-07-30 05:35:48 1753853748 0.1727
2025-07-30 05:34:48 1753853688 0.1477
2025-07-30 05:33:48 1753853628 0.1393
2025-07-30 05:32:48 1753853568 0.1588
2025-07-30 05:31:48 1753853508 0.1261
2025-07-30 05:30:48 1753853448 0.1824
2025-07-30 05:29:48 1753853388 0.1327
2025-07-30 05:28:48 1753853328 0.1442
2025-07-30 05:27:48 1753853268 0.1598
2025-07-30 05:26:48 1753853208 0.132
2025-07-30 05:25:48 1753853148 0.1602
2025-07-30 05:24:48 1753853088 0.1577
2025-07-30 05:23:48 1753853028 0.1456
2025-07-30 05:22:48 1753852968 0.1536
2025-07-30 05:21:48 1753852908 0.1515
2025-07-30 05:20:48 1753852848 0.139
2025-07-30 05:19:48 1753852788 0.1671
2025-07-30 05:18:48 1753852728 0.1477
2025-07-30 05:17:48 1753852668 0.1494
2025-07-30 05:16:48 1753852608 0.1647
2025-07-30 05:15:48 1753852548 0.1327
2025-07-30 05:14:48 1753852488 0.157
2025-07-30 05:13:48 1753852428 0.1473
2025-07-30 05:12:48 1753852368 0.139
2025-07-30 05:11:48 1753852308 0.173
2025-07-30 05:10:48 1753852248 0.1459
2025-07-30 05:09:48 1753852188 0.1508
2025-07-30 05:08:48 1753852128 0.1629
2025-07-30 05:07:48 1753852068 0.1282
2025-07-30 05:06:48 1753852008 0.1515
2025-07-30 05:05:48 1753851948 0.173
2025-07-30 05:04:48 1753851888 0.1362
2025-07-30 05:03:48 1753851828 0.1567
2025-07-30 05:02:48 1753851768 0.1497
2025-07-30 05:01:48 1753851708 0.1355
2025-07-30 05:00:48 1753851648 0.1761
2025-07-30 04:59:48 1753851588 0.1383
2025-07-30 04:58:48 1753851528 0.1511
2025-07-30 04:57:48 1753851468 0.166
2025-07-30 04:56:48 1753851408 0.1167
2025-07-30 04:55:48 1753851348 0.1563
2025-07-30 04:54:48 1753851288 0.1508
2025-07-30 04:53:48 1753851228 0.156
2025-07-30 04:52:48 1753851168 0.1483
2025-07-30 04:51:48 1753851108 0.139
2025-07-30 04:50:48 1753851048 0.149
2025-07-30 04:49:48 1753850988 0.156
2025-07-30 04:48:48 1753850928 0.1445
2025-07-30 04:47:48 1753850868 0.1591
2025-07-30 04:46:48 1753850808 0.149
2025-07-30 04:45:47 1753850747 0.1463
2025-07-30 04:44:47 1753850687 0.1588
2025-07-30 04:43:47 1753850627 0.1345
2025-07-30 04:42:47 1753850567 0.1549
2025-07-30 04:41:47 1753850507 0.1549
2025-07-30 04:40:47 1753850447 0.1466
2025-07-30 04:39:47 1753850387 0.156
2025-07-30 04:38:47 1753850327 0.1626
2025-07-30 04:37:47 1753850267 0.1518
2025-07-30 04:36:47 1753850207 0.148
2025-07-30 04:35:47 1753850147 0.1525
2025-07-30 04:34:47 1753850087 0.1425
2025-07-30 04:33:47 1753850027 0.1553
2025-07-30 04:32:47 1753849967 0.1616
2025-07-30 04:31:47 1753849907 0.1459
2025-07-30 04:30:47 1753849847 0.1588
2025-07-30 04:29:47 1753849787 0.147
2025-07-30 04:28:47 1753849727 0.1567
2025-07-30 04:27:47 1753849667 0.147
2025-07-30 04:26:47 1753849607 0.1581
2025-07-30 04:25:47 1753849547 0.1529
2025-07-30 04:24:47 1753849487 0.1459
2025-07-30 04:23:47 1753849427 0.1445
2025-07-30 04:22:47 1753849367 0.1494
2025-07-30 04:21:47 1753849307 0.1546
2025-07-30 04:20:47 1753849247 0.1515
2025-07-30 04:19:47 1753849187 0.156
2025-07-30 04:18:47 1753849127 0.1456
2025-07-30 04:17:47 1753849067 0.1518
2025-07-30 04:16:47 1753849007 0.1681
2025-07-30 04:15:47 1753848947 0.1445
2025-07-30 04:14:47 1753848887 0.1605
2025-07-30 04:13:47 1753848827 0.1588
2025-07-30 04:12:47 1753848767 0.1425
2025-07-30 04:11:47 1753848707 0.1615
2025-07-30 04:10:47 1753848647 0.1515
2025-07-30 04:09:47 1753848587 0.1442
2025-07-30 04:08:47 1753848527 0.1591
2025-07-30 04:07:47 1753848467 0.1407
2025-07-30 04:06:47 1753848407 0.1341
2025-07-30 04:05:47 1753848347 0.1761
2025-07-30 04:04:47 1753848287 0.1636
2025-07-30 04:03:47 1753848227 0.1334
2025-07-30 04:02:47 1753848167 0.1629
2025-07-30 04:01:47 1753848107 0.1404
2025-07-30 04:00:47 1753848047 0.1546
2025-07-30 03:59:47 1753847987 0.1473
2025-07-30 03:58:47 1753847927 0.1463
2025-07-30 03:57:47 1753847867 0.1494
2025-07-30 03:56:47 1753847807 0.1487
2025-07-30 03:55:47 1753847747 0.1511
2025-07-30 03:54:47 1753847687 0.1542
2025-07-30 03:53:47 1753847627 0.1616
2025-07-30 03:52:47 1753847567 0.1456
2025-07-30 03:51:47 1753847507 0.1511
2025-07-30 03:50:47 1753847447 0.1438
2025-07-30 03:49:47 1753847387 0.1435
2025-07-30 03:48:47 1753847327 0.1546
2025-07-30 03:47:47 1753847267 0.1737
2025-07-30 03:46:47 1753847207 0.1289
2025-07-30 03:45:47 1753847147 0.1588
2025-07-30 03:44:47 1753847087 0.1494
2025-07-30 03:43:47 1753847027 0.1407
2025-07-30 03:42:47 1753846967 0.1598
2025-07-30 03:41:47 1753846907 0.1435
2025-07-30 03:40:47 1753846847 0.1445
2025-07-30 03:39:47 1753846787 0.1432
2025-07-30 03:38:47 1753846727 0.1567
2025-07-30 03:37:46 1753846666 0.1609
2025-07-30 03:36:46 1753846606 0.1487
2025-07-30 03:35:46 1753846546 0.1574
2025-07-30 03:34:46 1753846486 0.1477
2025-07-30 03:33:46 1753846426 0.1591
2025-07-30 03:32:46 1753846366 0.1563
2025-07-30 03:31:46 1753846306 0.1397
2025-07-30 03:30:46 1753846246 0.1511
2025-07-30 03:29:46 1753846186 0.1577
2025-07-30 03:28:46 1753846126 0.1404
2025-07-30 03:27:46 1753846066 0.1699
2025-07-30 03:26:46 1753846006 0.1386
2025-07-30 03:25:46 1753845946 0.1595
2025-07-30 03:24:46 1753845886 0.149
2025-07-30 03:23:46 1753845826 0.1421
2025-07-30 03:22:46 1753845766 0.1636
2025-07-30 03:21:46 1753845706 0.1393
2025-07-30 03:20:46 1753845646 0.1522
2025-07-30 03:19:46 1753845586 0.1626
2025-07-30 03:18:46 1753845526 0.1373
2025-07-30 03:17:46 1753845466 0.1581
2025-07-30 03:16:46 1753845406 0.1563
2025-07-30 03:15:46 1753845346 0.1393
2025-07-30 03:14:46 1753845286 0.1605
2025-07-30 03:13:46 1753845226 0.148
2025-07-30 03:12:46 1753845166 0.1539
2025-07-30 03:11:46 1753845106 0.164
2025-07-30 03:10:46 1753845046 0.1365
2025-07-30 03:09:46 1753844986 0.1497
2025-07-30 03:08:46 1753844926 0.1563
2025-07-30 03:07:46 1753844866 0.1644
2025-07-30 03:06:46 1753844806 0.1379
2025-07-30 03:05:46 1753844746 0.1501
2025-07-30 03:04:46 1753844686 0.1477
2025-07-30 03:03:46 1753844626 0.1369
2025-07-30 03:02:46 1753844566 0.1671
2025-07-30 03:01:46 1753844506 0.148
2025-07-30 03:00:46 1753844446 0.1275
2025-07-30 02:59:46 1753844386 0.1483
2025-07-30 02:58:46 1753844326 0.1424
2025-07-30 02:57:46 1753844266 0.1685
2025-07-30 02:56:46 1753844206 0.1508
2025-07-30 02:55:46 1753844146 0.1463
2025-07-30 02:54:46 1753844086 0.1615
2025-07-30 02:53:46 1753844026 0.1466
2025-07-30 02:52:46 1753843966 0.1591
2025-07-30 02:51:46 1753843906 0.1619
2025-07-30 02:50:46 1753843846 0.1442
2025-07-30 02:49:46 1753843786 0.1504
2025-07-30 02:48:46 1753843726 0.1431
2025-07-30 02:47:46 1753843666 0.1532
2025-07-30 02:46:46 1753843606 0.1577
2025-07-30 02:45:46 1753843546 0.1525
2025-07-30 02:44:46 1753843486 0.1418
2025-07-30 02:43:46 1753843426 0.1407
2025-07-30 02:42:46 1753843366 0.1529
2025-07-30 02:41:46 1753843306 0.1626
2025-07-30 02:40:46 1753843246 0.1529
2025-07-30 02:39:46 1753843186 0.1532
2025-07-30 02:38:46 1753843126 0.1435
2025-07-30 02:37:46 1753843066 0.1435
2025-07-30 02:36:46 1753843006 0.1678
2025-07-30 02:35:46 1753842946 0.1449
2025-07-30 02:34:46 1753842886 0.1563
2025-07-30 02:33:46 1753842826 0.1501
2025-07-30 02:32:46 1753842766 0.1404
2025-07-30 02:31:46 1753842706 0.165
2025-07-30 02:30:46 1753842646 0.1529
2025-07-30 02:29:46 1753842586 0.1376
2025-07-30 02:28:46 1753842526 0.1494
2025-07-30 02:27:46 1753842466 0.1299
2025-07-30 02:26:46 1753842406 0.1612
2025-07-30 02:25:46 1753842346 0.1609
2025-07-30 02:24:46 1753842286 0.1373
2025-07-30 02:23:46 1753842226 0.164
2025-07-30 02:22:46 1753842166 0.1376
2025-07-30 02:21:46 1753842106 0.1511
2025-07-30 02:20:46 1753842046 0.1626
2025-07-30 02:19:46 1753841986 0.1366
2025-07-30 02:18:46 1753841926 0.1654
2025-07-30 02:17:46 1753841866 0.1515
2025-07-30 02:16:46 1753841806 0.1508
2025-07-30 02:15:46 1753841746 0.1553
2025-07-30 02:14:46 1753841686 0.1463
2025-07-30 02:13:46 1753841626 0.1508
2025-07-30 02:12:46 1753841566 0.1529
2025-07-30 02:11:46 1753841506 0.1487
2025-07-30 02:10:46 1753841446 0.1598
2025-07-30 02:09:46 1753841386 0.1508
2025-07-30 02:08:46 1753841326 0.1407
2025-07-30 02:07:46 1753841266 0.1483
2025-07-30 02:06:46 1753841206 0.164
2025-07-30 02:05:46 1753841146 0.147
2025-07-30 02:04:46 1753841086 0.155
2025-07-30 02:03:46 1753841026 0.1435
2025-07-30 02:02:46 1753840966 0.1341
2025-07-30 02:01:46 1753840906 0.1362
2025-07-30 02:00:46 1753840846 0.155
2025-07-30 01:59:46 1753840786 0.1497
2025-07-30 01:58:46 1753840726 0.1487
2025-07-30 01:57:46 1753840666 0.1307
2025-07-30 01:56:46 1753840606 0.1647
2025-07-30 01:55:46 1753840546 0.1539
2025-07-30 01:54:46 1753840486 0.1421
2025-07-30 01:53:46 1753840426 0.164
2025-07-30 01:52:46 1753840366 0.1341
2025-07-30 01:51:46 1753840306 0.1553
2025-07-30 01:50:46 1753840246 0.1557
2025-07-30 01:49:46 1753840186 0.1414
2025-07-30 01:48:46 1753840126 0.1647
2025-07-30 01:47:46 1753840066 0.1431
2025-07-30 01:46:46 1753840006 0.1529
2025-07-30 01:45:46 1753839946 0.1695
2025-07-30 01:44:46 1753839886 0.1418
2025-07-30 01:43:46 1753839826 0.1536
2025-07-30 01:42:46 1753839766 0.147
2025-07-30 01:41:46 1753839706 0.1355
2025-07-30 01:40:46 1753839646 0.165
2025-07-30 01:39:46 1753839586 0.1487
2025-07-30 01:38:46 1753839526 0.1449
2025-07-30 01:37:46 1753839466 0.1626
2025-07-30 01:36:46 1753839406 0.1508
2025-07-30 01:35:46 1753839346 0.1647
2025-07-30 01:34:46 1753839286 0.1501
2025-07-30 01:33:46 1753839226 0.1546
2025-07-30 01:32:46 1753839166 0.1556
2025-07-30 01:31:46 1753839106 0.1449
2025-07-30 01:30:46 1753839046 0.1678
2025-07-30 01:29:46 1753838986 0.1428
2025-07-30 01:28:46 1753838926 0.14
2025-07-30 01:27:46 1753838866 0.1748
2025-07-30 01:26:46 1753838806 0.1438
2025-07-30 01:25:46 1753838746 0.1647
2025-07-30 01:24:46 1753838686 0.1577
2025-07-30 01:23:46 1753838626 0.1348
2025-07-30 01:22:46 1753838566 0.1633
2025-07-30 01:21:46 1753838506 0.1498
2025-07-30 01:20:46 1753838446 0.1574
2025-07-30 01:19:46 1753838386 0.1511
2025-07-30 01:18:46 1753838326 0.1365
2025-07-30 01:17:46 1753838266 0.1456
2025-07-30 01:16:46 1753838206 0.1546
2025-07-30 01:15:46 1753838146 0.1553
2025-07-30 01:14:46 1753838086 0.1484
2025-07-30 01:13:46 1753838026 0.148
2025-07-30 01:12:46 1753837966 0.1476
2025-07-30 01:11:46 1753837906 0.1515
2025-07-30 01:10:46 1753837846 0.1657
2025-07-30 01:09:46 1753837786 0.1494
2025-07-30 01:08:46 1753837726 0.1522
2025-07-30 01:07:46 1753837666 0.1404
2025-07-30 01:06:46 1753837606 0.1525
2025-07-30 01:05:46 1753837546 0.1591
2025-07-30 01:04:46 1753837486 0.1456
2025-07-30 01:03:46 1753837426 0.1508
2025-07-30 01:02:46 1753837366 0.1508
2025-07-30 01:01:46 1753837306 0.1407
2025-07-30 01:00:46 1753837246 0.1744
2025-07-30 00:59:46 1753837186 0.1501
2025-07-30 00:58:46 1753837126 0.1275
2025-07-30 00:57:46 1753837066 0.1525
2025-07-30 00:56:46 1753837006 0.1313
2025-07-30 00:55:46 1753836946 0.1831
2025-07-30 00:54:46 1753836886 0.1473
2025-07-30 00:53:46 1753836826 0.1525
2025-07-30 00:52:46 1753836766 0.1581
2025-07-30 00:51:46 1753836706 0.1379
2025-07-30 00:50:46 1753836646 0.164
2025-07-30 00:49:46 1753836586 0.1508
2025-07-30 00:48:46 1753836526 0.1407
2025-07-30 00:47:46 1753836466 0.1595
2025-07-30 00:46:46 1753836406 0.1452
2025-07-30 00:45:46 1753836346 0.1605
2025-07-30 00:44:46 1753836286 0.1539
2025-07-30 00:43:46 1753836226 0.147
2025-07-30 00:42:46 1753836166 0.1556
2025-07-30 00:41:46 1753836106 0.1497
2025-07-30 00:40:46 1753836046 0.1508
2025-07-30 00:39:46 1753835986 0.1581
2025-07-30 00:38:46 1753835926 0.1528
2025-07-30 00:37:46 1753835866 0.1459
2025-07-30 00:36:46 1753835806 0.149
2025-07-30 00:35:46 1753835746 0.1574
2025-07-30 00:34:46 1753835686 0.1605
2025-07-30 00:33:46 1753835626 0.1435
2025-07-30 00:32:46 1753835566 0.1591
2025-07-30 00:31:46 1753835506 0.147
2025-07-30 00:30:46 1753835446 0.1497
2025-07-30 00:29:46 1753835386 0.1667
2025-07-30 00:28:46 1753835326 0.1435
2025-07-30 00:27:46 1753835266 0.1542
2025-07-30 00:26:46 1753835206 0.1345
2025-07-30 00:25:46 1753835146 0.1584
2025-07-30 00:24:46 1753835086 0.1553
2025-07-30 00:23:46 1753835026 0.1522
2025-07-30 00:22:46 1753834966 0.1595
2025-07-30 00:21:46 1753834906 0.1407
2025-07-30 00:20:46 1753834846 0.1553
2025-07-30 00:19:46 1753834786 0.1612
2025-07-30 00:18:46 1753834726 0.1484
2025-07-30 00:17:46 1753834666 0.1525
2025-07-30 00:16:46 1753834606 0.1529
2025-07-30 00:15:46 1753834546 0.1449
2025-07-30 00:14:46 1753834486 0.1491
2025-07-30 00:13:46 1753834426 0.165
2025-07-30 00:12:46 1753834366 0.1477
2025-07-30 00:11:46 1753834306 0.1563
2025-07-30 00:10:46 1753834246 0.1539
2025-07-30 00:09:46 1753834186 0.1438
2025-07-30 00:08:46 1753834126 0.1557
2025-07-30 00:07:46 1753834066 0.1525
2025-07-30 00:06:46 1753834006 0.148
2025-07-30 00:05:46 1753833946 0.1515
2025-07-30 00:04:46 1753833886 0.1671
2025-07-30 00:03:46 1753833826 0.1369
2025-07-30 00:02:46 1753833766 0.1602
2025-07-30 00:01:46 1753833706 0.1518
2025-07-30 00:00:46 1753833646 0.1105
2025-07-29 23:59:46 1753833586 0.1515
2025-07-29 23:58:46 1753833526 0.147
2025-07-29 23:57:46 1753833466 0.1529
2025-07-29 23:56:46 1753833406 0.1629
2025-07-29 23:55:46 1753833346 0.1383
2025-07-29 23:54:46 1753833286 0.1539
2025-07-29 23:53:46 1753833226 0.1685
2025-07-29 23:52:46 1753833166 0.1418
2025-07-29 23:51:46 1753833106 0.1615
2025-07-29 23:50:46 1753833046 0.1522
2025-07-29 23:49:46 1753832986 0.139
2025-07-29 23:48:46 1753832926 0.1508
2025-07-29 23:47:46 1753832866 0.1515
2025-07-29 23:46:46 1753832806 0.1515
2025-07-29 23:45:46 1753832746 0.1487
2025-07-29 23:44:46 1753832686 0.1466
2025-07-29 23:43:46 1753832626 0.1418
2025-07-29 23:42:46 1753832566 0.155
2025-07-29 23:41:46 1753832506 0.1553
2025-07-29 23:40:46 1753832446 0.1484
2025-07-29 23:39:46 1753832386 0.1549
2025-07-29 23:38:46 1753832326 0.1487
2025-07-29 23:37:46 1753832266 0.1355
2025-07-29 23:36:46 1753832206 0.1626
2025-07-29 23:35:46 1753832146 0.1487
2025-07-29 23:34:46 1753832086 0.1394
2025-07-29 23:33:46 1753832026 0.1522
2025-07-29 23:32:46 1753831966 0.1525
